{"cameraMode":{"drawMode":0,"name":"Shaded","section":"Shading Mode"},"sceneLighting":true,"audioPlay":false,"sceneViewState":{"showFog":true,"showMaterialUpdate":false,"showSkybox":true,"showFlares":true,"showImageEffects":true,"showParticleSystems":true},"in2DMode":false,"pivot":{"x":-30.258562088012697,"y":17.053218841552736,"z":7.469165802001953},"rotation":{"x":0.13183312118053437,"y":0.6415503621101379,"z":-0.11271503567695618,"w":0.7473781704902649},"size":22.0,"orthographic":false}