{"cameraMode":{"drawMode":0,"name":"Shaded","section":"Shading Mode"},"sceneLighting":true,"audioPlay":false,"sceneViewState":{"showFog":true,"showMaterialUpdate":false,"showSkybox":true,"showFlares":true,"showImageEffects":true,"showParticleSystems":true},"in2DMode":false,"pivot":{"x":0.0035842934157699348,"y":1.9897372722625733,"z":-2.4567651748657228},"rotation":{"x":-0.0022840024903416635,"y":-0.9362813830375671,"z":0.005884508602321148,"w":-0.3514309525489807},"size":3.503920316696167,"orthographic":false}