{"cameraMode":{"drawMode":0,"name":"Shaded","section":"Shading Mode"},"sceneLighting":true,"audioPlay":false,"sceneViewState":{"showFog":true,"showMaterialUpdate":false,"showSkybox":true,"showFlares":true,"showImageEffects":true,"showParticleSystems":true},"in2DMode":false,"pivot":{"x":-6.38929557800293,"y":5.3503947257995609,"z":7.774777412414551},"rotation":{"x":-0.25114282965660097,"y":0.639019787311554,"z":-0.2333475947380066,"w":-0.6889639496803284},"size":3.917489528656006,"orthographic":false}