{"cameraMode":{"drawMode":0,"name":"Shaded","section":"Shading Mode"},"sceneLighting":true,"audioPlay":false,"sceneViewState":{"showFog":true,"showMaterialUpdate":false,"showSkybox":true,"showFlares":true,"showImageEffects":true,"showParticleSystems":true},"in2DMode":false,"pivot":{"x":-12.82895565032959,"y":-4.599577903747559,"z":-25.876129150390626},"rotation":{"x":-0.10479363799095154,"y":0.876535952091217,"z":-0.2218034863471985,"w":-0.41443341970443728},"size":26.560386657714845,"orthographic":false}