{"cameraMode":{"drawMode":0,"name":"Shaded","section":"Shading Mode"},"sceneLighting":true,"audioPlay":false,"sceneViewState":{"showFog":true,"showMaterialUpdate":false,"showSkybox":true,"showFlares":true,"showImageEffects":true,"showParticleSystems":true},"in2DMode":false,"pivot":{"x":-0.38414493203163149,"y":2.711885452270508,"z":-9.31432819366455},"rotation":{"x":0.036012597382068637,"y":0.8954685926437378,"z":-0.07282250374555588,"w":0.4381129741668701},"size":3.5506956577301027,"orthographic":false}