{"cameraMode":{"drawMode":0,"name":"Shaded","section":"Shading Mode"},"sceneLighting":true,"audioPlay":false,"sceneViewState":{"showFog":true,"showMaterialUpdate":false,"showSkybox":true,"showFlares":true,"showImageEffects":true,"showParticleSystems":true},"in2DMode":false,"pivot":{"x":498.7058410644531,"y":268.8624267578125,"z":32.99945068359375},"rotation":{"x":0.013809054158627987,"y":0.0029951930046081545,"z":-0.000041911353036994115,"w":0.9999029636383057},"size":808.8837280273438,"orthographic":false}