{"cameraMode":{"drawMode":0,"name":"Shaded","section":"Shading Mode"},"sceneLighting":true,"audioPlay":false,"sceneViewState":{"showFog":true,"showMaterialUpdate":false,"showSkybox":true,"showFlares":true,"showImageEffects":true,"showParticleSystems":true},"in2DMode":false,"pivot":{"x":461.0848693847656,"y":260.78143310546877,"z":11.31689453125},"rotation":{"x":0.013809184543788433,"y":-0.000004548208835331025,"z":-4.662428523261042e-7,"w":0.9999066591262817},"size":683.1927490234375,"orthographic":false}