{"cameraMode":{"drawMode":0,"name":"Shaded","section":"Shading Mode"},"sceneLighting":true,"audioPlay":false,"sceneViewState":{"showFog":true,"showMaterialUpdate":false,"showSkybox":true,"showFlares":true,"showImageEffects":true,"showParticleSystems":true},"in2DMode":false,"pivot":{"x":-3.8311121463775636,"y":1.3332818746566773,"z":-13.483783721923829},"rotation":{"x":-0.23011384904384614,"y":0.5463650822639465,"z":-0.15968458354473115,"w":-0.7896515727043152},"size":14.680426597595215,"orthographic":false}