{"cameraMode":{"drawMode":0,"name":"Shaded","section":"Shading Mode"},"sceneLighting":true,"audioPlay":false,"sceneViewState":{"showFog":true,"showMaterialUpdate":false,"showSkybox":true,"showFlares":true,"showImageEffects":true,"showParticleSystems":true},"in2DMode":false,"pivot":{"x":485.9905700683594,"y":294.7342834472656,"z":-95.1275634765625},"rotation":{"x":-0.039299432188272479,"y":0.008090585470199585,"z":-0.0002971756912302226,"w":-0.9992114901542664},"size":447.3478698730469,"orthographic":false}