{"cameraMode":{"drawMode":0,"name":"Shaded","section":"Shading Mode"},"sceneLighting":true,"audioPlay":false,"sceneViewState":{"showFog":true,"showMaterialUpdate":false,"showSkybox":true,"showFlares":true,"showImageEffects":true,"showParticleSystems":true},"in2DMode":false,"pivot":{"x":5.8662919998168949,"y":9.116520881652832,"z":-14.802166938781739},"rotation":{"x":0.3155609369277954,"y":-0.31075623631477358,"z":0.11021684110164643,"w":0.8897945880889893},"size":0.8039724230766296,"orthographic":false}