{"cameraMode":{"drawMode":0,"name":"Shaded","section":"Shading Mode"},"sceneLighting":true,"audioPlay":false,"sceneViewState":{"showFog":true,"showMaterialUpdate":false,"showSkybox":true,"showFlares":true,"showImageEffects":true,"showParticleSystems":true},"in2DMode":false,"pivot":{"x":-281.32373046875,"y":184.50021362304688,"z":-657.8480224609375},"rotation":{"x":-0.08872245997190476,"y":0.7196760773658752,"z":-0.09357605874538422,"w":-0.6822353005409241},"size":630.3959350585938,"orthographic":false}