{"cameraMode":{"drawMode":0,"name":"Shaded","section":"Shading Mode"},"sceneLighting":true,"audioPlay":false,"sceneViewState":{"showFog":true,"showMaterialUpdate":false,"showSkybox":true,"showFlares":true,"showImageEffects":true,"showParticleSystems":true},"in2DMode":false,"pivot":{"x":483.1562194824219,"y":-400.87689208984377,"z":807.562744140625},"rotation":{"x":0.1542050838470459,"y":0.001797417993657291,"z":-0.00024080231378320605,"w":0.9881123304367065},"size":1500.6484375,"orthographic":false}
