{"cameraMode":{"drawMode":0,"name":"Shaded","section":"Shading Mode"},"sceneLighting":true,"audioPlay":false,"sceneViewState":{"showFog":true,"showMaterialUpdate":false,"showSkybox":true,"showFlares":true,"showImageEffects":true,"showParticleSystems":true},"in2DMode":false,"pivot":{"x":638.0999145507813,"y":-101.4952621459961,"z":-257.7704162597656},"rotation":{"x":0.1616271585226059,"y":0.013763155788183213,"z":-0.0020732569973915817,"w":0.9870296120643616},"size":389.6897277832031,"orthographic":false}