{"cameraMode":{"drawMode":0,"name":"Shaded","section":"Shading Mode"},"sceneLighting":true,"audioPlay":false,"sceneViewState":{"showFog":true,"showMaterialUpdate":false,"showSkybox":true,"showFlares":true,"showImageEffects":true,"showParticleSystems":true},"in2DMode":false,"pivot":{"x":-0.46401768922805788,"y":1.1965157985687256,"z":-2.4246292114257814},"rotation":{"x":0.2902909517288208,"y":-0.6730307340621948,"z":0.3280079662799835,"w":0.5962280631065369},"size":3.8253390789031984,"orthographic":false}
