{"cameraMode":{"drawMode":0,"name":"Shaded","section":"Shading Mode"},"sceneLighting":true,"audioPlay":false,"sceneViewState":{"showFog":true,"showMaterialUpdate":false,"showSkybox":true,"showFlares":true,"showImageEffects":true,"showParticleSystems":true},"in2DMode":false,"pivot":{"x":0.4487721920013428,"y":4.5133819580078129,"z":2.8015811443328859},"rotation":{"x":0.04725708067417145,"y":-0.2034614086151123,"z":0.009996208362281323,"w":0.9781683683395386},"size":6.869557857513428,"orthographic":false}
