{"cameraMode":{"drawMode":0,"name":"Shaded","section":"Shading Mode"},"sceneLighting":false,"audioPlay":false,"sceneViewState":{"showFog":true,"showMaterialUpdate":false,"showSkybox":true,"showFlares":true,"showImageEffects":true,"showParticleSystems":true},"in2DMode":false,"pivot":{"x":-33.84909439086914,"y":13.124246597290039,"z":17.944988250732423},"rotation":{"x":-0.008273019455373288,"y":-0.5939681529998779,"z":-0.005955836735665798,"w":0.804611086845398},"size":46.025447845458987,"orthographic":false}